{"@timestamp":"2017-11-29T11:04:08.148-05:00","level":"INFO","logger_name":"play.api.http.EnabledFilters","thread_name":"play-dev-mode-akka.actor.default-dispatcher-15","message":"Enabled Filters (see <https://www.playframework.com/documentation/latest/Filters>):\n\n    play.filters.csrf.CSRFFilter\n    play.filters.headers.SecurityHeadersFilter\n    play.filters.hosts.AllowedHostsFilter\n"}
{"@timestamp":"2017-11-29T11:04:08.154-05:00","level":"INFO","logger_name":"play.api.Play","thread_name":"play-dev-mode-akka.actor.default-dispatcher-15","message":"Application started (Dev)"}
{"@timestamp":"2017-11-29T11:04:08.433-05:00","level":"DEBUG","logger_name":"application.ErrorHandler","thread_name":"play-dev-mode-akka.actor.default-dispatcher-5","message":"onClientError: statusCode = 404, uri = /favicon.ico, message = "}
{"@timestamp":"2017-11-29T11:04:42.839-05:00","level":"TRACE","logger_name":"v1.post.PostActionBuilder","thread_name":"application-akka.actor.default-dispatcher-3","message":"invokeBlock: ","id":3,"host":"localhost:9000","remoteAddress":"0:0:0:0:0:0:0:1"}
{"@timestamp":"2017-11-29T11:04:42.842-05:00","level":"TRACE","logger_name":"v1.post.PostController","thread_name":"application-akka.actor.default-dispatcher-3","message":"index: ","id":3,"host":"localhost:9000","remoteAddress":"0:0:0:0:0:0:0:1"}
{"@timestamp":"2017-11-29T11:04:42.847-05:00","level":"TRACE","logger_name":"v1.post.PostRepositoryImpl","thread_name":"application-repository.dispatcher-6","message":"list: ","id":3,"host":"localhost:9000","remoteAddress":"0:0:0:0:0:0:0:1"}
{"@timestamp":"2017-11-29T11:05:17.087-05:00","level":"INFO","logger_name":"play.core.server.AkkaHttpServer","thread_name":"pool-5-thread-2","message":"Stopping server..."}
{"@timestamp":"2017-11-29T13:38:40.885-05:00","level":"INFO","logger_name":"play.api.http.EnabledFilters","thread_name":"play-dev-mode-akka.actor.default-dispatcher-7","message":"Enabled Filters (see <https://www.playframework.com/documentation/latest/Filters>):\n\n    play.filters.csrf.CSRFFilter\n    play.filters.headers.SecurityHeadersFilter\n    play.filters.hosts.AllowedHostsFilter\n"}
{"@timestamp":"2017-11-29T13:38:40.900-05:00","level":"INFO","logger_name":"play.api.Play","thread_name":"play-dev-mode-akka.actor.default-dispatcher-7","message":"Application started (Dev)"}
{"@timestamp":"2017-11-29T13:45:26.472-05:00","level":"INFO","logger_name":"play.api.http.EnabledFilters","thread_name":"play-dev-mode-akka.actor.default-dispatcher-2","message":"Enabled Filters (see <https://www.playframework.com/documentation/latest/Filters>):\n\n    play.filters.csrf.CSRFFilter\n    play.filters.headers.SecurityHeadersFilter\n    play.filters.hosts.AllowedHostsFilter\n"}
{"@timestamp":"2017-11-29T13:45:26.478-05:00","level":"INFO","logger_name":"play.api.Play","thread_name":"play-dev-mode-akka.actor.default-dispatcher-2","message":"Application started (Dev)"}
{"@timestamp":"2017-12-04T10:58:24.228-05:00","level":"INFO","logger_name":"play.api.http.EnabledFilters","thread_name":"play-dev-mode-akka.actor.default-dispatcher-8","message":"Enabled Filters (see <https://www.playframework.com/documentation/latest/Filters>):\n\n    play.filters.csrf.CSRFFilter\n    play.filters.headers.SecurityHeadersFilter\n    play.filters.hosts.AllowedHostsFilter\n"}
{"@timestamp":"2017-12-04T10:58:24.233-05:00","level":"INFO","logger_name":"play.api.Play","thread_name":"play-dev-mode-akka.actor.default-dispatcher-8","message":"Application started (Dev)"}
{"@timestamp":"2017-12-04T10:58:24.795-05:00","level":"DEBUG","logger_name":"application.ErrorHandler","thread_name":"play-dev-mode-akka.actor.default-dispatcher-8","message":"onClientError: statusCode = 404, uri = /favicon.ico, message = "}
{"@timestamp":"2017-12-04T11:45:42.183-05:00","level":"INFO","logger_name":"play.api.http.EnabledFilters","thread_name":"play-dev-mode-akka.actor.default-dispatcher-2","message":"Enabled Filters (see <https://www.playframework.com/documentation/latest/Filters>):\n\n    play.filters.csrf.CSRFFilter\n    play.filters.headers.SecurityHeadersFilter\n    play.filters.hosts.AllowedHostsFilter\n"}
{"@timestamp":"2017-12-04T11:45:42.188-05:00","level":"INFO","logger_name":"play.api.Play","thread_name":"play-dev-mode-akka.actor.default-dispatcher-2","message":"Application started (Dev)"}
{"@timestamp":"2017-12-04T11:47:16.642-05:00","level":"INFO","logger_name":"play.core.server.AkkaHttpServer","thread_name":"pool-5-thread-5","message":"Stopping server..."}
{"@timestamp":"2017-12-04T11:50:05.791-05:00","level":"INFO","logger_name":"play.api.http.EnabledFilters","thread_name":"play-dev-mode-akka.actor.default-dispatcher-4","message":"Enabled Filters (see <https://www.playframework.com/documentation/latest/Filters>):\n\n    play.filters.csrf.CSRFFilter\n    play.filters.headers.SecurityHeadersFilter\n    play.filters.hosts.AllowedHostsFilter\n"}
{"@timestamp":"2017-12-04T11:50:05.798-05:00","level":"INFO","logger_name":"play.api.Play","thread_name":"play-dev-mode-akka.actor.default-dispatcher-4","message":"Application started (Dev)"}
{"@timestamp":"2017-12-04T11:55:56.653-05:00","level":"INFO","logger_name":"play.core.server.AkkaHttpServer","thread_name":"pool-5-thread-2","message":"Stopping server..."}
{"@timestamp":"2017-12-04T11:56:28.235-05:00","level":"INFO","logger_name":"play.api.http.EnabledFilters","thread_name":"play-dev-mode-akka.actor.default-dispatcher-3","message":"Enabled Filters (see <https://www.playframework.com/documentation/latest/Filters>):\n\n    play.filters.csrf.CSRFFilter\n    play.filters.headers.SecurityHeadersFilter\n    play.filters.hosts.AllowedHostsFilter\n"}
{"@timestamp":"2017-12-04T11:56:28.242-05:00","level":"INFO","logger_name":"play.api.Play","thread_name":"play-dev-mode-akka.actor.default-dispatcher-3","message":"Application started (Dev)"}
{"@timestamp":"2017-12-04T11:57:58.748-05:00","level":"INFO","logger_name":"play.core.server.AkkaHttpServer","thread_name":"pool-5-thread-4","message":"Stopping server..."}
{"@timestamp":"2017-12-04T11:58:24.050-05:00","level":"INFO","logger_name":"play.api.http.EnabledFilters","thread_name":"play-dev-mode-akka.actor.default-dispatcher-6","message":"Enabled Filters (see <https://www.playframework.com/documentation/latest/Filters>):\n\n    play.filters.csrf.CSRFFilter\n    play.filters.headers.SecurityHeadersFilter\n    play.filters.hosts.AllowedHostsFilter\n"}
{"@timestamp":"2017-12-04T11:58:24.056-05:00","level":"INFO","logger_name":"play.api.Play","thread_name":"play-dev-mode-akka.actor.default-dispatcher-6","message":"Application started (Dev)"}
{"@timestamp":"2017-12-04T11:58:58.587-05:00","level":"INFO","logger_name":"play.core.server.AkkaHttpServer","thread_name":"pool-5-thread-4","message":"Stopping server..."}
{"@timestamp":"2017-12-04T11:59:22.192-05:00","level":"INFO","logger_name":"play.api.http.EnabledFilters","thread_name":"play-dev-mode-akka.actor.default-dispatcher-10","message":"Enabled Filters (see <https://www.playframework.com/documentation/latest/Filters>):\n\n    play.filters.csrf.CSRFFilter\n    play.filters.headers.SecurityHeadersFilter\n    play.filters.hosts.AllowedHostsFilter\n"}
{"@timestamp":"2017-12-04T11:59:22.199-05:00","level":"INFO","logger_name":"play.api.Play","thread_name":"play-dev-mode-akka.actor.default-dispatcher-10","message":"Application started (Dev)"}
{"@timestamp":"2017-12-04T12:00:53.669-05:00","level":"INFO","logger_name":"play.core.server.AkkaHttpServer","thread_name":"pool-5-thread-3","message":"Stopping server..."}
{"@timestamp":"2017-12-04T12:02:33.246-05:00","level":"INFO","logger_name":"play.api.http.EnabledFilters","thread_name":"play-dev-mode-akka.actor.default-dispatcher-9","message":"Enabled Filters (see <https://www.playframework.com/documentation/latest/Filters>):\n\n    play.filters.csrf.CSRFFilter\n    play.filters.headers.SecurityHeadersFilter\n    play.filters.hosts.AllowedHostsFilter\n"}
{"@timestamp":"2017-12-04T12:02:33.254-05:00","level":"INFO","logger_name":"play.api.Play","thread_name":"play-dev-mode-akka.actor.default-dispatcher-9","message":"Application started (Dev)"}
{"@timestamp":"2017-12-04T13:57:41.746-05:00","level":"INFO","logger_name":"play.api.http.EnabledFilters","thread_name":"play-dev-mode-akka.actor.default-dispatcher-34","message":"Enabled Filters (see <https://www.playframework.com/documentation/latest/Filters>):\n\n    play.filters.csrf.CSRFFilter\n    play.filters.headers.SecurityHeadersFilter\n    play.filters.hosts.AllowedHostsFilter\n"}
{"@timestamp":"2017-12-04T13:57:41.747-05:00","level":"INFO","logger_name":"play.api.Play","thread_name":"play-dev-mode-akka.actor.default-dispatcher-34","message":"Application started (Dev)"}
{"@timestamp":"2017-12-04T15:40:44.883-05:00","level":"INFO","logger_name":"play.api.http.EnabledFilters","thread_name":"play-dev-mode-akka.actor.default-dispatcher-2","message":"Enabled Filters (see <https://www.playframework.com/documentation/latest/Filters>):\n\n    play.filters.csrf.CSRFFilter\n    play.filters.headers.SecurityHeadersFilter\n    play.filters.hosts.AllowedHostsFilter\n"}
{"@timestamp":"2017-12-04T15:40:44.888-05:00","level":"INFO","logger_name":"play.api.Play","thread_name":"play-dev-mode-akka.actor.default-dispatcher-2","message":"Application started (Dev)"}
{"@timestamp":"2017-12-04T15:46:47.418-05:00","level":"INFO","logger_name":"play.core.server.AkkaHttpServer","thread_name":"pool-5-thread-1","message":"Stopping server..."}
{"@timestamp":"2017-12-04T15:47:24.402-05:00","level":"INFO","logger_name":"play.api.http.EnabledFilters","thread_name":"play-dev-mode-akka.actor.default-dispatcher-2","message":"Enabled Filters (see <https://www.playframework.com/documentation/latest/Filters>):\n\n    play.filters.csrf.CSRFFilter\n    play.filters.headers.SecurityHeadersFilter\n    play.filters.hosts.AllowedHostsFilter\n"}
{"@timestamp":"2017-12-04T15:47:24.409-05:00","level":"INFO","logger_name":"play.api.Play","thread_name":"play-dev-mode-akka.actor.default-dispatcher-2","message":"Application started (Dev)"}
{"@timestamp":"2017-12-04T16:02:24.857-05:00","level":"INFO","logger_name":"play.core.server.AkkaHttpServer","thread_name":"pool-5-thread-3","message":"Stopping server..."}
{"@timestamp":"2017-12-04T16:03:14.955-05:00","level":"INFO","logger_name":"play.api.http.EnabledFilters","thread_name":"play-dev-mode-akka.actor.default-dispatcher-3","message":"Enabled Filters (see <https://www.playframework.com/documentation/latest/Filters>):\n\n    play.filters.csrf.CSRFFilter\n    play.filters.headers.SecurityHeadersFilter\n    play.filters.hosts.AllowedHostsFilter\n"}
{"@timestamp":"2017-12-04T16:03:14.969-05:00","level":"INFO","logger_name":"play.api.Play","thread_name":"play-dev-mode-akka.actor.default-dispatcher-3","message":"Application started (Dev)"}
{"@timestamp":"2017-12-04T16:09:06.315-05:00","level":"INFO","logger_name":"play.core.server.AkkaHttpServer","thread_name":"pool-5-thread-4","message":"Stopping server..."}
{"@timestamp":"2017-12-04T16:09:42.872-05:00","level":"INFO","logger_name":"play.api.http.EnabledFilters","thread_name":"play-dev-mode-akka.actor.default-dispatcher-4","message":"Enabled Filters (see <https://www.playframework.com/documentation/latest/Filters>):\n\n    play.filters.csrf.CSRFFilter\n    play.filters.headers.SecurityHeadersFilter\n    play.filters.hosts.AllowedHostsFilter\n"}
{"@timestamp":"2017-12-04T16:09:42.879-05:00","level":"INFO","logger_name":"play.api.Play","thread_name":"play-dev-mode-akka.actor.default-dispatcher-4","message":"Application started (Dev)"}
{"@timestamp":"2017-12-04T16:38:30.803-05:00","level":"INFO","logger_name":"play.core.server.AkkaHttpServer","thread_name":"pool-5-thread-3","message":"Stopping server..."}
{"@timestamp":"2017-12-04T16:39:09.073-05:00","level":"INFO","logger_name":"play.api.http.EnabledFilters","thread_name":"play-dev-mode-akka.actor.default-dispatcher-9","message":"Enabled Filters (see <https://www.playframework.com/documentation/latest/Filters>):\n\n    play.filters.csrf.CSRFFilter\n    play.filters.headers.SecurityHeadersFilter\n    play.filters.hosts.AllowedHostsFilter\n"}
{"@timestamp":"2017-12-04T16:39:09.083-05:00","level":"INFO","logger_name":"play.api.Play","thread_name":"play-dev-mode-akka.actor.default-dispatcher-9","message":"Application started (Dev)"}
{"@timestamp":"2017-12-04T16:40:58.716-05:00","level":"INFO","logger_name":"play.core.server.AkkaHttpServer","thread_name":"pool-5-thread-4","message":"Stopping server..."}
{"@timestamp":"2017-12-04T16:41:28.335-05:00","level":"INFO","logger_name":"play.api.http.EnabledFilters","thread_name":"play-dev-mode-akka.actor.default-dispatcher-2","message":"Enabled Filters (see <https://www.playframework.com/documentation/latest/Filters>):\n\n    play.filters.csrf.CSRFFilter\n    play.filters.headers.SecurityHeadersFilter\n    play.filters.hosts.AllowedHostsFilter\n"}
{"@timestamp":"2017-12-04T16:41:28.341-05:00","level":"INFO","logger_name":"play.api.Play","thread_name":"play-dev-mode-akka.actor.default-dispatcher-2","message":"Application started (Dev)"}
{"@timestamp":"2017-12-04T20:57:32.890-05:00","level":"INFO","logger_name":"play.core.server.AkkaHttpServer","thread_name":"pool-5-thread-2","message":"Stopping server..."}
{"@timestamp":"2017-12-04T20:58:03.311-05:00","level":"INFO","logger_name":"play.api.http.EnabledFilters","thread_name":"play-dev-mode-akka.actor.default-dispatcher-2","message":"Enabled Filters (see <https://www.playframework.com/documentation/latest/Filters>):\n\n    play.filters.csrf.CSRFFilter\n    play.filters.headers.SecurityHeadersFilter\n    play.filters.hosts.AllowedHostsFilter\n"}
{"@timestamp":"2017-12-04T20:58:03.317-05:00","level":"INFO","logger_name":"play.api.Play","thread_name":"play-dev-mode-akka.actor.default-dispatcher-2","message":"Application started (Dev)"}
{"@timestamp":"2017-12-04T21:09:11.024-05:00","level":"INFO","logger_name":"play.core.server.AkkaHttpServer","thread_name":"pool-5-thread-5","message":"Stopping server..."}
